SKU_ID,Category,Demand_Score,Turnover_Rate,Zone_ID,Pick_Time_sec
SKU_001,Home,96.95846277645586,9.174392973699883,Zone_3,22.06726884674431
SKU_002,Food,77.51328233611146,3.1560570160027517,Zone_1,41.25418526272592
SKU_003,Electronics,93.9498941564189,2.304053848821008,Zone_1,41.62540486440426
SKU_004,Home,89.48273504276489,5.405074842498067,Zone_4,45.497196059928264
SKU_005,Home,59.78999788110851,9.870854086995406,Zone_3,49.04365334890646
SKU_006,Food,92.18742350231169,3.178497443603504,Zone_1,59.03408317850138
SKU_007,Electronics,8.84925020519195,7.049219926652907,Zone_4,40.65201393204781
SKU_008,Electronics,19.59828624191452,7.854576537958458,Zone_3,32.91825891764984
SKU_009,Home,4.522728891053807,3.1387378959315972,Zone_4,51.80744779074814
SKU_010,Apparel,32.53303307632643,7.553947137506736,Zone_2,30.83329005048297
SKU_011,Home,38.8677289689482,4.3100481944732785,Zone_1,37.558856828225444
SKU_012,Home,27.134903177389592,6.690752475342215,Zone_2,23.138255253690637
SKU_013,Home,82.87375091519293,6.7017673968480524,Zone_3,21.0140297366183
SKU_014,Home,35.67533266935893,5.821972156672826,Zone_2,58.505936587117006
SKU_015,Food,28.093450968738075,1.8126079304896747,Zone_2,53.439204820488236
SKU_016,Electronics,54.26960831582485,8.51772246030314,Zone_3,47.83896824374792
SKU_017,Food,14.092422497476264,3.8870205847456223,Zone_4,36.35811777657079
SKU_018,Food,80.21969807540397,2.678666593598688,Zone_2,26.93177280283383
SKU_019,Food,7.455064367977082,1.3669762739928752,Zone_4,26.257481706843443
SKU_020,Home,98.68869366005173,6.318036488694176,Zone_2,30.009715926583812
SKU_021,Apparel,77.22447692966574,7.098079256580542,Zone_4,41.969066588244814
SKU_022,Electronics,19.87156815341724,1.1492904603507053,Zone_3,48.583836908002496
SKU_023,Apparel,0.5522117123602399,5.608837524693529,Zone_2,46.40789506870925
SKU_024,Food,81.54614284548342,3.0384619767814414,Zone_3,31.197355877837715
SKU_025,Food,70.68573438476172,6.806555113685048,Zone_2,58.19461122652776
SKU_026,Apparel,72.90071680409874,2.569297861044923,Zone_3,49.51587666783074
SKU_027,Apparel,77.12703466859458,7.218439642922194,Zone_3,42.17416210045603
SKU_028,Apparel,7.4044651734090365,4.480618116704837,Zone_2,44.46882984937409
SKU_029,Food,35.84657285442726,9.43056989863061,Zone_2,36.7840024971116
SKU_030,Food,11.586905952512971,2.2376884973139393,Zone_2,29.909239580046297
SKU_031,Electronics,86.31034258755935,4.069597159452327,Zone_1,34.238907146050465
SKU_032,Electronics,62.329812682755794,2.021261691165302,Zone_4,50.31384441857476
SKU_033,Food,33.08980248526492,9.322242564507064,Zone_1,20.575739545190235
SKU_034,Apparel,6.355835028602364,8.896054180428829,Zone_1,24.64290562027665
SKU_035,Apparel,31.09823217156622,3.3214746494364005,Zone_3,21.84010568087011
SKU_036,Electronics,32.518332202674706,6.939856414307611,Zone_2,21.629152092758805
SKU_037,Food,72.96061783380641,8.354999801810942,Zone_4,54.21842336044029
SKU_038,Electronics,63.75574713552131,5.996807304395161,Zone_3,48.146314375200944
SKU_039,Electronics,88.72127425763266,5.766855205204059,Zone_1,38.96695316349301
SKU_040,Home,47.22149251619493,3.1766706181040654,Zone_2,23.91336642604006
SKU_041,Home,11.959424593830171,1.837924910253093,Zone_3,39.66463500467329
SKU_042,Home,71.3244787222995,9.074941821579941,Zone_2,38.93887083122263
SKU_043,Apparel,76.07850486168974,9.103762514469974,Zone_3,26.928074796400608
SKU_044,Food,56.127719756949624,6.697913115459412,Zone_2,37.35406596951892
SKU_045,Food,77.0967179954561,4.051268119438307,Zone_1,35.94018937589494
SKU_046,Food,49.379559636439076,4.142886171513948,Zone_4,44.63400392208866
SKU_047,Food,52.27328293819941,7.533601109832154,Zone_1,45.40374603470575
SKU_048,Home,42.75410183585496,9.073992339573193,Zone_4,21.81216039088178
SKU_049,Apparel,2.541912674409519,8.983777818386056,Zone_2,34.98450458505885
SKU_050,Apparel,10.789142699330444,8.018879912718614,Zone_3,45.03439662856945
SKU_051,Home,3.142918568673425,6.77828481538859,Zone_1,40.12545034320351
SKU_052,Apparel,63.64104112637804,1.7572596849554394,Zone_4,54.25959364753289
SKU_053,Home,31.435598107632668,2.454658426851524,Zone_1,46.347745264757805
SKU_054,Food,50.85706911647028,9.086987696743714,Zone_4,26.517377083257188
SKU_055,Home,90.7566473926093,6.457861536936309,Zone_1,22.822749896017193
SKU_056,Food,24.929222914887493,1.0827734645496667,Zone_4,45.69677112825262
SKU_057,Food,41.038292303562976,1.913243885794289,Zone_4,21.060452421664873
SKU_058,Electronics,75.55511385430486,6.971515921972502,Zone_2,43.43102325093853
SKU_059,Home,22.879816549162246,1.0455542546159682,Zone_4,57.6092096569983
SKU_060,Electronics,7.697990982879299,2.4472724627574878,Zone_2,43.01896711503516
SKU_061,Home,28.9751452913768,5.938604104299275,Zone_4,35.526797048260875
SKU_062,Home,16.122128725400444,7.227056779234239,Zone_3,45.73152873769413
SKU_063,Electronics,92.96976523425731,6.867651335523405,Zone_3,38.33011561966067
SKU_064,Electronics,80.8120379564417,3.018423785145038,Zone_3,41.8246715726374
SKU_065,Home,63.34037565104234,7.409612992127823,Zone_4,57.658592351061
SKU_066,Apparel,87.14605901877177,3.135241787471201,Zone_2,35.44410551203097
SKU_067,Food,80.36720768991145,3.9285972834334095,Zone_2,58.44762255295657
SKU_068,Electronics,18.657005888603585,7.718422646062217,Zone_4,56.21402567824255
SKU_069,Food,89.25589984899777,6.846696091424932,Zone_3,27.831645391571858
SKU_070,Apparel,53.93422419156507,8.6430106944476,Zone_3,22.774452035006618
SKU_071,Apparel,80.74401551640625,6.91851603070309,Zone_2,24.031120055097066
SKU_072,Apparel,89.60912999234932,6.114777430019244,Zone_3,20.72887302606199
SKU_073,Electronics,31.800347497186387,1.8430729104528323,Zone_1,23.777718430237137
SKU_074,Apparel,11.005192452767677,4.309442227534902,Zone_2,47.320270936654275
SKU_075,Electronics,22.793516254194166,3.386821309135529,Zone_3,22.84754593840916
SKU_076,Apparel,42.71077886262563,3.195906790411752,Zone_2,32.759025211750455
SKU_077,Food,81.80147659224932,9.75709499277201,Zone_1,53.79501243877818
SKU_078,Food,86.07305832563435,4.537879522000844,Zone_2,20.930877429433036
SKU_079,Home,0.6952130531190703,9.02841899659402,Zone_2,52.578739303557434
SKU_080,Food,51.07473025775657,6.680247633975366,Zone_2,31.274190990936
SKU_081,Home,41.7411003148779,8.153301731874835,Zone_2,24.72659310486625
SKU_082,Food,22.210781047073024,5.523733837946729,Zone_1,47.86948661456603
SKU_083,Electronics,11.98653673336828,6.192134961637232,Zone_4,45.157713871195355
SKU_084,Food,33.7615171403628,5.432659244369775,Zone_2,55.09888054108212
SKU_085,Home,94.29097039125192,2.7571868901824006,Zone_2,49.40284175215543
SKU_086,Home,32.320293202075526,7.502069037353548,Zone_3,52.13923721539394
SKU_087,Apparel,51.87906217433661,3.526951261967702,Zone_2,31.281382902852258
SKU_088,Electronics,70.30189588951778,1.2188436978830846,Zone_3,27.097581751188912
SKU_089,Food,36.3629602379294,6.80925066316451,Zone_4,50.024590065634335
SKU_090,Apparel,97.17820827209607,2.5939961146634403,Zone_1,52.27338957069056
SKU_091,Food,96.24472949421113,9.464127259176228,Zone_1,59.620205680026935
SKU_092,Food,25.178229582536417,9.585357193023286,Zone_4,36.50470707645706
SKU_093,Apparel,49.72485058923854,9.233779511984036,Zone_1,34.88072343171133
SKU_094,Apparel,30.087830981676966,4.331428302298999,Zone_4,51.05651842967987
SKU_095,Apparel,28.484049437746762,1.1391095487598069,Zone_4,33.63214161012071
SKU_096,Apparel,3.6886947354532795,9.354867063289529,Zone_4,57.23029302414259
SKU_097,Apparel,60.956433397989684,4.8536573348558285,Zone_1,54.336510073720476
SKU_098,Food,50.26790232288615,9.699893371393026,Zone_3,37.15976109500073
SKU_099,Apparel,5.147875124998935,9.672579793803276,Zone_4,50.03484271165989
SKU_100,Electronics,27.864646423661142,8.677085099206241,Zone_2,50.18171496338729
